Week,Start Date,End Date,Phase,Tasks This Week,Deliverables,Hours Estimate,Team Members Needed,Status,Blockers,Week 1,Week 2,Week 3,Week 4,Week 5,Week 6
Week 1,Day 1,Day 5,Phase 1,Environment setup + Multi-tenancy + DB Schema (Core),Laravel installed + Architecture chosen + Core migrations,40,1-2,Not Started,None,■■■■■,,,,,
Week 2,Day 6,Day 10,Phase 1,DB Schema (Hotel/Booking) + Models + Repository + API + Testing,All migrations + Base models + Testing setup,40,1-2,Not Started,Week 1,■■■■■,,,,
Week 3,Day 11,Day 15,Phase 2,Central Auth + Tenant Management + Context + Tenant Users,Authentication working + Tenant creation,40,2,Not Started,Week 2,■,■■■■,,,
Week 4,Day 16,Day 20,Phase 2,Subscriptions + Admin Panel Base,Billing system + Admin foundation,40,2,Not Started,Week 3,,■■■■,,,
Week 5,Day 21,Day 25,Phase 2,Settings + Testing & Bug Fixes,Phase 2 complete + Tests passed,40,2,Not Started,Week 4,,■■■■,,,
Week 6,Day 26,Day 30,Phase 3,Hotel CRUD + Features & Amenities,Hotel management working,40,2,Not Started,Week 5,,,■■■■,,
Week 7,Day 31,Day 35,Phase 3,Address & Location + Policies + Images,Hotel location + Media system,40,2,Not Started,Week 6,,,■■■■,,
Week 8,Day 36,Day 40,Phase 3,Staff Management + Dashboard,Hotel dashboard complete,40,2,Not Started,Week 7,,,■■■■,,
Week 9,Day 41,Day 45,Phase 3-4,Testing Phase 3 + Room Types start,Phase 3 tested + Room types,40,2,Not Started,Week 8,,,■■■,■■,
Week 10,Day 46,Day 50,Phase 4,Room Inventory + Features & Demands,Inventory system + Services,40,2,Not Started,Week 9,,,,■■■■,
Week 11,Day 51,Day 55,Phase 4,Availability System + Room Media,Availability engine working,40,2,Not Started,Week 10,,,,■■■■,
Week 12,Day 56,Day 60,Phase 4-5,Search & Testing + Booking Model start,Phase 4 tested + Booking started,40,2,Not Started,Week 11,,,,■■■,■■
Week 13,Day 61,Day 65,Phase 5,Booking Model + Cart System,Booking states + Cart working,40,2-3,Not Started,Week 12,,,,■,■■■■
Week 14,Day 66,Day 70,Phase 5,Date Selection + Guest Information,Date validation + Guest forms,40,2-3,Not Started,Week 13,,,,,■■■■
Week 15,Day 71,Day 75,Phase 5,Occupancy + Confirmation,Allocation + Email notifications,40,2-3,Not Started,Week 14,,,,,■■■■
Week 16,Day 76,Day 80,Phase 5,Check-in/out + Testing,Phase 5 complete,40,2-3,Not Started,Week 15,,,,,■■■■
Week 17,Day 81,Day 85,Phase 6,Base Pricing + Date Pricing,Pricing engine foundation,40,2,Not Started,Week 16,,,,,■■■■
Week 18,Day 86,Day 90,Phase 6,Feature Pricing + Discounts + Tax,Complete pricing system,40,2,Not Started,Week 17,,,,,■■■■
Week 19,Day 91,Day 95,Phase 6-7,Testing Phase 6 + Payment Gateway,Phase 6 tested + Payments started,40,2,Not Started,Week 18,,,,,■■■■
Week 20,Day 96,Day 100,Phase 7,Payment Methods + Refunds + Reports,Complete payment system,40,2,Not Started,Week 19,,,,,■■■■
Week 21,Day 101,Day 105,Phase 7-8,Security Testing + Dashboard start,Phase 7 tested + Admin dashboard,40,2,Not Started,Week 20,,,,,■■■■
Week 22,Day 106,Day 110,Phase 8,Booking Management + Room Management UI,Admin booking interface,40,2,Not Started,Week 21,,,,,■■■■
Week 23,Day 111,Day 115,Phase 8,Customer Management + Reports,CRM + Reporting system,40,2,Not Started,Week 22,,,,,■■■■
Week 24,Day 116,Day 120,Phase 8,Testing & UX,Phase 8 complete,40,2,Not Started,Week 23,,,,,■■■■
Week 25,Day 121,Day 125,Phase 9,Advanced Analytics + Calendar,Analytics dashboard + Master calendar,40,2,Not Started,Week 24,,,,,■■■■
Week 26,Day 126,Day 130,Phase 9,Channel Manager + Testing,OTA integration + Phase 9 tested,40,2,Not Started,Week 25,,,,,■■■■
Week 27,Day 131,Day 135,Phase 9-10,Testing continued + Customer Portal start,Phase 9 complete + Customer auth,40,2,Not Started,Week 26,,,,,■■■■
Week 28,Day 136,Day 140,Phase 10,Booking History + Reviews,Customer portal complete,40,2,Not Started,Week 27,,,,,■■■■
Week 29,Day 141,Day 145,Phase 10-11,Testing + Multi-language,Phase 10 tested + Localization,40,2,Not Started,Week 28,,,,,■■■■
Week 30,Day 146,Day 150,Phase 11,Multi-currency + Notifications,Currency system + Email/SMS,40,2,Not Started,Week 29,,,,,■■■■
Week 31,Day 151,Day 155,Phase 11,SEO + API Documentation,SEO optimized + API docs,40,2,Not Started,Week 30,,,,,■■■■
Week 32,Day 156,Day 160,Phase 11-12,Testing + Comprehensive Testing start,Phase 11 complete + Testing started,40,2-3,Not Started,Week 31,,,,,■■■■
Week 33,Day 161,Day 165,Phase 12,Comprehensive Testing continued,Integration & security tests passed,40,2-3,Not Started,Week 32,,,,,■■■■
Week 34,Day 166,Day 170,Phase 12,Bug Fixes + Data Migration,Production ready + Data migrated,40,2-3,Not Started,Week 33,,,,,■■■■
Week 35,Day 171,Day 175,Phase 12,Documentation + Deployment prep,Complete documentation + Setup production,40,2-3,Not Started,Week 34,,,,,■■■■
Week 36,Day 176,Day 177,Phase 12,Final Deployment + LAUNCH,LIVE IN PRODUCTION,16,2-3,Not Started,Week 35,,,,,■■■■
SUMMARY,Day 1,Day 177,All Phases,Complete migration from QloApps to Laravel Multi-tenant,Fully functional modern hotel booking SaaS platform,1416 hours total,2-3 developers,Not Started,None,,,,,,


